File	Cores per node	CPU Utilized	CPU Efficiency	Memory Efficiency
DESEq2--1053741.out	32	00:00:03	2.34%	0.00%
DESEq2--1053755.out	32	00:00:03	3.12%	0.00%
DESEq2--1054167.out	32	00:00:07	0.78%	0.00%
DESEq2--1054180.out	32	00:00:06	2.34%	0.00%
NanoPlot-sample=SQK-NBD114-24_barcode04-1015637.out	32	00:00:03	1.34%	0.00%
NanoPlot-sample=SQK-NBD114-24_barcode04-1015644.out	32	00:00:03	1.04%	0.00%
NanoPlot-sample=SQK-NBD114-24_barcode04-1015707.out	32	00:00:04	1.79%	0.00%
NanoPlot-sample=SQK-NBD114-24_barcode04-1015722.out	32	00:00:02	1.25%	0.00%
NanoPlot-sample=SQK-NBD114-24_barcode04-1015964.out	32	00:00:03	1.88%	0.00%
NanoPlot-sample=SQK-NBD114-24_barcode04-1015966.out	32	00:00:03	1.34%	0.00%
NanoPlot-sample=SQK-NBD114-24_barcode05-1015628.out	32	00:00:03	1.88%	0.00%
NanoPlot-sample=SQK-NBD114-24_barcode05-1015633.out	32	00:00:03	1.56%	0.00%
NanoPlot-sample=SQK-NBD114-24_barcode05-1015694.out	32	00:00:03	1.56%	0.00%
NanoPlot-sample=SQK-NBD114-24_barcode05-1015735.out	32	00:00:03	1.56%	0.00%
NanoPlot-sample=SQK-NBD114-24_barcode05-1015941.out	32	00:00:03	1.88%	0.00%
NanoPlot-sample=SQK-NBD114-24_barcode05-1015954.out	32	00:00:03	1.88%	0.00%
NanoPlot-sample=SQK-NBD114-24_barcode06-1015562.out	32	00:00:02	0.52%	0.00%
NanoPlot-sample=SQK-NBD114-24_barcode06-1015567.out	32	00:00:03	1.17%	0.00%
NanoPlot-sample=SQK-NBD114-24_barcode06-1015678.out	32	00:00:03	0.94%	0.00%
NanoPlot-sample=SQK-NBD114-24_barcode06-1015726.out	32	00:00:04	1.25%	0.00%
NanoPlot-sample=SQK-NBD114-24_barcode06-1015952.out	32	00:00:03	1.88%	0.00%
NanoPlot-sample=SQK-NBD114-24_barcode06-1015961.out	32	00:00:03	1.34%	0.00%
NanoPlot-sample=SQK-NBD114-24_barcode07-1015610.out	32	00:00:03	1.56%	0.00%
NanoPlot-sample=SQK-NBD114-24_barcode07-1015617.out	32	00:00:03	1.56%	0.00%
NanoPlot-sample=SQK-NBD114-24_barcode07-1015689.out	32	00:00:03	1.04%	0.00%
NanoPlot-sample=SQK-NBD114-24_barcode07-1015734.out	32	00:00:02	1.04%	0.00%
NanoPlot-sample=SQK-NBD114-24_barcode07-1015963.out	32	00:00:03	1.56%	0.00%
NanoPlot-sample=SQK-NBD114-24_barcode07-1015965.out	32	00:00:03	1.34%	0.00%
NanoPlot-sample=SQK-NBD114-24_barcode08-1015597.out	32	00:00:03	1.04%	0.00%
NanoPlot-sample=SQK-NBD114-24_barcode08-1015599.out	32	00:00:03	1.34%	0.00%
NanoPlot-sample=SQK-NBD114-24_barcode08-1015688.out	32	00:00:03	0.94%	0.00%
NanoPlot-sample=SQK-NBD114-24_barcode08-1015733.out	32	00:00:03	1.34%	0.00%
NanoPlot-sample=SQK-NBD114-24_barcode08-1015944.out	32	00:00:03	1.56%	0.00%
NanoPlot-sample=SQK-NBD114-24_barcode08-1015959.out	32	00:00:03	1.17%	0.00%
NanoPlot-sample=SQK-NBD114-24_barcode09-1015583.out	32	00:00:03	1.17%	0.00%
NanoPlot-sample=SQK-NBD114-24_barcode09-1015587.out	32	00:00:08	1.56%	0.00%
NanoPlot-sample=SQK-NBD114-24_barcode09-1015695.out	32	00:00:04	1.56%	0.00%
NanoPlot-sample=SQK-NBD114-24_barcode09-1015736.out	32	00:00:03	1.17%	0.00%
NanoPlot-sample=SQK-NBD114-24_barcode09-1015971.out	32	00:00:04	1.25%	0.00%
NanoPlot-sample=SQK-NBD114-24_barcode09-1015972.out	32	00:00:07	1.56%	0.00%
NanoPlot-sample=SQK-NBD114-24_barcode10-1015571.out	32	00:00:03	1.34%	0.00%
NanoPlot-sample=SQK-NBD114-24_barcode10-1015574.out	32	00:00:03	1.17%	0.00%
NanoPlot-sample=SQK-NBD114-24_barcode10-1015701.out	32	00:00:03	1.17%	0.00%
NanoPlot-sample=SQK-NBD114-24_barcode10-1015739.out	32	00:00:03	1.88%	0.00%
NanoPlot-sample=SQK-NBD114-24_barcode10-1015927.out	32	00:00:02	1.04%	0.00%
NanoPlot-sample=SQK-NBD114-24_barcode10-1015943.out	32	00:00:03	1.88%	0.00%
NanoPlot-sample=SQK-NBD114-24_barcode11-1015609.out	32	00:00:03	1.56%	0.00%
NanoPlot-sample=SQK-NBD114-24_barcode11-1015615.out	32	00:00:03	1.56%	0.00%
NanoPlot-sample=SQK-NBD114-24_barcode11-1015686.out	32	00:00:03	0.94%	0.00%
NanoPlot-sample=SQK-NBD114-24_barcode11-1015731.out	32	00:00:03	1.34%	0.00%
NanoPlot-sample=SQK-NBD114-24_barcode11-1015931.out	32	00:00:03	1.56%	0.00%
NanoPlot-sample=SQK-NBD114-24_barcode11-1015946.out	32	00:00:02	1.25%	0.00%
NanoPlot-sample=SQK-NBD114-24_barcode12-1015612.out	32	00:00:03	1.34%	0.00%
NanoPlot-sample=SQK-NBD114-24_barcode12-1015618.out	32	00:00:03	1.56%	0.00%
NanoPlot-sample=SQK-NBD114-24_barcode12-1015677.out	32	00:00:03	0.85%	0.00%
NanoPlot-sample=SQK-NBD114-24_barcode12-1015725.out	32	00:00:03	1.88%	0.00%
NanoPlot-sample=SQK-NBD114-24_barcode12-1015924.out	32	00:00:04	1.79%	0.00%
NanoPlot-sample=SQK-NBD114-24_barcode12-1015935.out	32	00:00:03	0.78%	0.00%
NanoPlot-sample=SQK-NBD114-24_barcode13-1015584.out	32	00:00:03	1.56%	0.00%
NanoPlot-sample=SQK-NBD114-24_barcode13-1015589.out	32	00:00:03	1.34%	0.00%
NanoPlot-sample=SQK-NBD114-24_barcode13-1015706.out	32	00:00:03	1.34%	0.00%
NanoPlot-sample=SQK-NBD114-24_barcode13-1015748.out	32	00:00:03	1.04%	0.00%
NanoPlot-sample=SQK-NBD114-24_barcode13-1015938.out	32	00:00:03	1.56%	0.00%
NanoPlot-sample=SQK-NBD114-24_barcode13-1015953.out	32	00:00:03	1.88%	0.00%
NanoPlot-sample=SQK-NBD114-24_barcode14-1015554.out	32	00:00:03	1.56%	0.00%
NanoPlot-sample=SQK-NBD114-24_barcode14-1015557.out	32	00:00:03	1.34%	0.00%
NanoPlot-sample=SQK-NBD114-24_barcode14-1015679.out	32	00:00:03	0.94%	0.00%
NanoPlot-sample=SQK-NBD114-24_barcode14-1015727.out	32	00:00:04	1.39%	0.00%
NanoPlot-sample=SQK-NBD114-24_barcode14-1015926.out	32	00:00:04	1.39%	0.00%
NanoPlot-sample=SQK-NBD114-24_barcode14-1015940.out	32	00:00:03	1.56%	0.00%
NanoPlot-sample=SQK-NBD114-24_barcode15-1015552.out	32	00:00:03	1.56%	0.00%
NanoPlot-sample=SQK-NBD114-24_barcode15-1015555.out	32	00:00:03	1.04%	0.00%
NanoPlot-sample=SQK-NBD114-24_barcode15-1015700.out	32	00:00:03	1.17%	0.00%
NanoPlot-sample=SQK-NBD114-24_barcode15-1015738.out	32	00:00:03	1.34%	0.00%
NanoPlot-sample=SQK-NBD114-24_barcode15-1015925.out	32	00:00:02	1.25%	0.00%
NanoPlot-sample=SQK-NBD114-24_barcode15-1015939.out	32	00:00:04	2.08%	0.00%
SSP_removal-sample=SQK-NBD114-24_barcode04-1015643.out	32	00:00:04	1.39%	0.00%
SSP_removal-sample=SQK-NBD114-24_barcode04-1015839.out	32	00:00:15	4.69%	0.00%
SSP_removal-sample=SQK-NBD114-24_barcode05-1015632.out	32	00:00:05	1.56%	0.00%
SSP_removal-sample=SQK-NBD114-24_barcode05-1015837.out	32	00:00:13	2.14%	0.00%
SSP_removal-sample=SQK-NBD114-24_barcode06-1015566.out	32	00:00:04	1.79%	0.00%
SSP_removal-sample=SQK-NBD114-24_barcode06-1015835.out	32	00:00:10	2.23%	0.00%
SSP_removal-sample=SQK-NBD114-24_barcode07-1015614.out	32	00:00:04	2.08%	0.00%
SSP_removal-sample=SQK-NBD114-24_barcode07-1015821.out	32	00:00:12	3.75%	0.00%
SSP_removal-sample=SQK-NBD114-24_barcode08-1015598.out	32	00:00:05	2.23%	0.00%
SSP_removal-sample=SQK-NBD114-24_barcode08-1015833.out	32	00:00:12	3.75%	0.00%
SSP_removal-sample=SQK-NBD114-24_barcode09-1015592.out	32	00:00:09	2.81%	0.00%
SSP_removal-sample=SQK-NBD114-24_barcode09-1015838.out	32	00:00:13	4.06%	0.00%
SSP_removal-sample=SQK-NBD114-24_barcode10-1015575.out	32	00:00:04	1.39%	0.00%
SSP_removal-sample=SQK-NBD114-24_barcode10-1015830.out	32	00:00:07	2.19%	0.00%
SSP_removal-sample=SQK-NBD114-24_barcode11-1015620.out	32	00:00:05	2.23%	0.00%
SSP_removal-sample=SQK-NBD114-24_barcode11-1015834.out	32	00:00:13	2.03%	0.00%
SSP_removal-sample=SQK-NBD114-24_barcode12-1015616.out	32	00:00:04	1.79%	0.00%
SSP_removal-sample=SQK-NBD114-24_barcode12-1015828.out	32	00:00:07	3.12%	0.00%
SSP_removal-sample=SQK-NBD114-24_barcode13-1015590.out	32	00:00:05	1.95%	0.00%
SSP_removal-sample=SQK-NBD114-24_barcode13-1015829.out	32	00:00:09	2.81%	0.00%
SSP_removal-sample=SQK-NBD114-24_barcode14-1015558.out	32	00:00:05	2.60%	0.00%
SSP_removal-sample=SQK-NBD114-24_barcode14-1015820.out	32	00:00:07	3.12%	0.00%
SSP_removal-sample=SQK-NBD114-24_barcode15-1015556.out	32	00:00:07	1.99%	0.00%
SSP_removal-sample=SQK-NBD114-24_barcode15-1015831.out	32	00:00:06	1.88%	0.00%
SSP_removal-sample=barcode04-1053695.out	32	00:00:03	2.34%	0.00%
SSP_removal-sample=barcode05-1053653.out	32	00:00:03	2.34%	0.00%
SSP_removal-sample=barcode06-1053635.out	32	00:00:03	1.88%	0.00%
SSP_removal-sample=barcode07-1053704.out	32	00:00:03	1.88%	0.00%
SSP_removal-sample=barcode08-1053678.out	32	00:00:04	3.12%	0.00%
SSP_removal-sample=barcode09-1053682.out	32	00:00:03	3.12%	0.00%
SSP_removal-sample=barcode10-1053709.out	32	00:00:05	3.91%	0.00%
SSP_removal-sample=barcode11-1053666.out	32	00:00:03	2.34%	0.00%
SSP_removal-sample=barcode12-1053659.out	32	00:00:04	4.17%	0.00%
SSP_removal-sample=barcode13-1053629.out	32	00:00:03	2.34%	0.00%
SSP_removal-sample=barcode14-1053688.out	32	00:00:04	3.12%	0.00%
SSP_removal-sample=barcode15-1053716.out	32	00:00:04	2.08%	0.00%
TPM-sample=SQK-NBD114-24_barcode04-1015720.out	32	00:00:03	0.94%	0.00%
TPM-sample=SQK-NBD114-24_barcode04-1015740.out	32	00:00:04	1.79%	0.00%
TPM-sample=SQK-NBD114-24_barcode04-1016090.out	32	00:00:04	1.39%	0.00%
TPM-sample=SQK-NBD114-24_barcode04-1016091.out	32	00:00:04	1.39%	0.00%
TPM-sample=SQK-NBD114-24_barcode05-1015746.out	32	00:00:04	1.39%	0.00%
TPM-sample=SQK-NBD114-24_barcode05-1015753.out	32	00:00:04	1.39%	0.00%
TPM-sample=SQK-NBD114-24_barcode05-1015975.out	32	00:00:03	0.94%	0.00%
TPM-sample=SQK-NBD114-24_barcode05-1015977.out	32	00:00:04	1.39%	0.00%
TPM-sample=SQK-NBD114-24_barcode05-1016005.out	32	00:00:05	1.04%	0.00%
TPM-sample=SQK-NBD114-24_barcode05-1016025.out	32	00:00:04	1.25%	0.00%
TPM-sample=SQK-NBD114-24_barcode05-1016053.out	32	00:00:03	0.94%	0.00%
TPM-sample=SQK-NBD114-24_barcode05-1016077.out	32	00:00:04	1.79%	0.00%
TPM-sample=SQK-NBD114-24_barcode06-1015732.out	32	00:00:03	1.34%	0.00%
TPM-sample=SQK-NBD114-24_barcode06-1015744.out	32	00:00:03	1.17%	0.00%
TPM-sample=SQK-NBD114-24_barcode06-1015980.out	32	00:00:04	1.56%	0.00%
TPM-sample=SQK-NBD114-24_barcode06-1015981.out	32	00:00:04	1.56%	0.00%
TPM-sample=SQK-NBD114-24_barcode06-1016001.out	32	00:00:04	0.83%	0.00%
TPM-sample=SQK-NBD114-24_barcode06-1016015.out	32	00:00:03	0.94%	0.00%
TPM-sample=SQK-NBD114-24_barcode06-1016049.out	32	00:00:03	0.94%	0.00%
TPM-sample=SQK-NBD114-24_barcode06-1016070.out	32	00:00:04	1.39%	0.00%
TPM-sample=SQK-NBD114-24_barcode07-1015730.out	32	00:00:03	0.94%	0.00%
TPM-sample=SQK-NBD114-24_barcode07-1015743.out	32	00:00:03	1.17%	0.00%
TPM-sample=SQK-NBD114-24_barcode07-1015955.out	32	00:00:03	1.88%	0.00%
TPM-sample=SQK-NBD114-24_barcode07-1015962.out	32	00:00:03	1.34%	0.00%
TPM-sample=SQK-NBD114-24_barcode07-1015987.out	32	00:00:04	0.69%	0.00%
TPM-sample=SQK-NBD114-24_barcode07-1016010.out	32	00:00:03	1.34%	0.00%
TPM-sample=SQK-NBD114-24_barcode07-1016035.out	32	00:00:03	0.85%	0.00%
TPM-sample=SQK-NBD114-24_barcode07-1016068.out	32	00:00:04	1.79%	0.00%
TPM-sample=SQK-NBD114-24_barcode08-1015750.out	32	00:00:04	1.39%	0.00%
TPM-sample=SQK-NBD114-24_barcode08-1015756.out	32	00:00:03	0.94%	0.00%
TPM-sample=SQK-NBD114-24_barcode08-1016082.out	32	00:00:04	2.08%	0.00%
TPM-sample=SQK-NBD114-24_barcode08-1016083.out	32	00:00:03	1.56%	0.00%
TPM-sample=SQK-NBD114-24_barcode09-1015751.out	32	00:00:04	1.39%	0.00%
TPM-sample=SQK-NBD114-24_barcode09-1015758.out	32	00:00:03	1.56%	0.00%
TPM-sample=SQK-NBD114-24_barcode09-1015974.out	32	00:00:03	0.94%	0.00%
TPM-sample=SQK-NBD114-24_barcode09-1015976.out	32	00:00:04	1.39%	0.00%
TPM-sample=SQK-NBD114-24_barcode09-1015989.out	32	00:00:04	0.69%	0.00%
TPM-sample=SQK-NBD114-24_barcode09-1016013.out	32	00:00:03	0.94%	0.00%
TPM-sample=SQK-NBD114-24_barcode09-1016037.out	32	00:00:03	0.94%	0.00%
TPM-sample=SQK-NBD114-24_barcode09-1016069.out	32	00:00:04	1.79%	0.00%
TPM-sample=SQK-NBD114-24_barcode10-1015737.out	32	00:00:03	1.34%	0.00%
TPM-sample=SQK-NBD114-24_barcode10-1015745.out	32	00:00:03	1.56%	0.00%
TPM-sample=SQK-NBD114-24_barcode10-1015937.out	32	00:00:03	1.17%	0.00%
TPM-sample=SQK-NBD114-24_barcode10-1015950.out	32	00:00:04	1.56%	0.00%
TPM-sample=SQK-NBD114-24_barcode10-1015992.out	32	00:00:05	1.04%	0.00%
TPM-sample=SQK-NBD114-24_barcode10-1016016.out	32	00:00:04	0.89%	0.00%
TPM-sample=SQK-NBD114-24_barcode10-1016040.out	32	00:00:03	1.17%	0.00%
TPM-sample=SQK-NBD114-24_barcode10-1016061.out	32	00:00:03	1.34%	0.00%
TPM-sample=SQK-NBD114-24_barcode11-1015752.out	32	00:00:04	1.39%	0.00%
TPM-sample=SQK-NBD114-24_barcode11-1015757.out	32	00:00:03	0.94%	0.00%
TPM-sample=SQK-NBD114-24_barcode11-1015978.out	32	00:00:03	1.04%	0.00%
TPM-sample=SQK-NBD114-24_barcode11-1015979.out	32	00:00:03	1.56%	0.00%
TPM-sample=SQK-NBD114-24_barcode11-1016003.out	32	00:00:05	1.12%	0.00%
TPM-sample=SQK-NBD114-24_barcode11-1016021.out	32	00:00:04	1.25%	0.00%
TPM-sample=SQK-NBD114-24_barcode11-1016051.out	32	00:00:03	1.04%	0.00%
TPM-sample=SQK-NBD114-24_barcode11-1016073.out	32	00:00:03	1.34%	0.00%
TPM-sample=SQK-NBD114-24_barcode12-1015747.out	32	00:00:04	1.39%	0.00%
TPM-sample=SQK-NBD114-24_barcode12-1015754.out	32	00:00:03	1.17%	0.00%
TPM-sample=SQK-NBD114-24_barcode12-1015936.out	32	00:00:03	0.94%	0.00%
TPM-sample=SQK-NBD114-24_barcode12-1015947.out	32	00:00:03	1.88%	0.00%
TPM-sample=SQK-NBD114-24_barcode12-1015995.out	32	00:00:04	0.83%	0.00%
TPM-sample=SQK-NBD114-24_barcode12-1016027.out	32	00:00:04	0.89%	0.00%
TPM-sample=SQK-NBD114-24_barcode12-1016043.out	32	00:00:03	1.17%	0.00%
TPM-sample=SQK-NBD114-24_barcode12-1016063.out	32	00:00:03	0.94%	0.00%
TPM-sample=SQK-NBD114-24_barcode13-1015723.out	32	00:00:03	0.94%	0.00%
TPM-sample=SQK-NBD114-24_barcode13-1015741.out	32	00:00:03	1.56%	0.00%
TPM-sample=SQK-NBD114-24_barcode13-1015945.out	32	00:00:03	1.56%	0.00%
TPM-sample=SQK-NBD114-24_barcode13-1015960.out	32	00:00:03	1.17%	0.00%
TPM-sample=SQK-NBD114-24_barcode13-1015985.out	32	00:00:04	0.69%	0.00%
TPM-sample=SQK-NBD114-24_barcode13-1016009.out	32	00:00:04	1.39%	0.00%
TPM-sample=SQK-NBD114-24_barcode13-1016033.out	32	00:00:04	1.79%	0.00%
TPM-sample=SQK-NBD114-24_barcode13-1016057.out	32	00:00:04	2.08%	0.00%
TPM-sample=SQK-NBD114-24_barcode14-1015729.out	32	00:00:03	1.17%	0.00%
TPM-sample=SQK-NBD114-24_barcode14-1015742.out	32	00:00:03	1.17%	0.00%
TPM-sample=SQK-NBD114-24_barcode14-1015928.out	32	00:00:04	2.08%	0.00%
TPM-sample=SQK-NBD114-24_barcode14-1015942.out	32	00:00:03	1.56%	0.00%
TPM-sample=SQK-NBD114-24_barcode14-1015986.out	32	00:00:04	0.69%	0.00%
TPM-sample=SQK-NBD114-24_barcode14-1016011.out	32	00:00:03	1.17%	0.00%
TPM-sample=SQK-NBD114-24_barcode14-1016034.out	32	00:00:04	1.14%	0.00%
TPM-sample=SQK-NBD114-24_barcode14-1016067.out	32	00:00:04	1.56%	0.00%
TPM-sample=SQK-NBD114-24_barcode15-1015749.out	32	00:00:04	1.39%	0.00%
TPM-sample=SQK-NBD114-24_barcode15-1015755.out	32	00:00:03	0.94%	0.00%
TPM-sample=SQK-NBD114-24_barcode15-1015933.out	32	00:00:04	1.14%	0.00%
TPM-sample=SQK-NBD114-24_barcode15-1015948.out	32	00:00:03	1.56%	0.00%
TPM-sample=SQK-NBD114-24_barcode15-1016008.out	32	00:00:03	1.56%	0.00%
TPM-sample=SQK-NBD114-24_barcode15-1016028.out	32	00:00:04	1.39%	0.00%
TPM-sample=SQK-NBD114-24_barcode15-1016056.out	32	00:00:03	0.94%	0.00%
TPM-sample=SQK-NBD114-24_barcode15-1016078.out	32	00:00:03	1.56%	0.00%
TPM-sample=barcode04-1053717.out	32	00:00:04	2.50%	0.00%
TPM-sample=barcode04-1053721.out	32	00:00:03	1.88%	0.00%
TPM-sample=barcode05-1053660.out	32	00:00:03	2.34%	0.00%
TPM-sample=barcode05-1053663.out	32	00:00:03	3.12%	0.00%
TPM-sample=barcode06-1053641.out	32	00:00:07	2.43%	0.00%
TPM-sample=barcode06-1053643.out	32	00:00:06	2.34%	0.00%
TPM-sample=barcode07-1053723.out	32	00:00:03	2.34%	0.00%
TPM-sample=barcode07-1053726.out	32	00:00:03	1.88%	0.00%
TPM-sample=barcode08-1053691.out	32	00:00:03	2.34%	0.00%
TPM-sample=barcode08-1053696.out	32	00:00:03	2.34%	0.00%
TPM-sample=barcode09-1053700.out	32	00:00:03	1.88%	0.00%
TPM-sample=barcode09-1053707.out	32	00:00:04	3.12%	0.00%
TPM-sample=barcode10-1053725.out	32	00:00:03	1.88%	0.00%
TPM-sample=barcode10-1053728.out	32	00:00:03	2.34%	0.00%
TPM-sample=barcode11-1053674.out	32	00:00:04	2.50%	0.00%
TPM-sample=barcode11-1053677.out	32	00:00:04	2.50%	0.00%
TPM-sample=barcode12-1053669.out	32	00:00:03	3.12%	0.00%
TPM-sample=barcode12-1053671.out	32	00:00:03	1.88%	0.00%
TPM-sample=barcode13-1053636.out	32	00:00:03	1.34%	0.00%
TPM-sample=barcode13-1053638.out	32	00:00:03	2.34%	0.00%
TPM-sample=barcode14-1053708.out	32	00:00:03	2.34%	0.00%
TPM-sample=barcode14-1053713.out	32	00:00:03	1.88%	0.00%
TPM-sample=barcode15-1053729.out	32	00:00:03	2.34%	0.00%
TPM-sample=barcode15-1053730.out	32	00:00:03	2.34%	0.00%
capture_config--1015253.out		00:00:06	8.96%	9.76%
capture_config--1015788.out		00:00:07	50.00%	0.00%
capture_config--1053592.out		00:00:01	50.00%	0.00%
concatenate_fastq-sample=SQK-NBD114-24_barcode04-1015275.out		00:00:09	8.74%	11.05%
concatenate_fastq-sample=SQK-NBD114-24_barcode04-1015769.out		00:00:10	22.22%	11.05%
concatenate_fastq-sample=SQK-NBD114-24_barcode04.fastq-1015267.out		00:00:06	8.96%	9.98%
concatenate_fastq-sample=SQK-NBD114-24_barcode04.fastq-1015280.out		00:00:00	0.00%	4.71%
concatenate_fastq-sample=SQK-NBD114-24_barcode04.fastq-1015509.out		00:00:03	6.12%	6.15%
concatenate_fastq-sample=SQK-NBD114-24_barcode04.fastq-1015526.out		00:00:02	40.00%	0.00%
concatenate_fastq-sample=SQK-NBD114-24_barcode04.fastq-1015697.out		00:00:01	16.67%	0.00%
concatenate_fastq-sample=SQK-NBD114-24_barcode04.fastq-1015718.out		00:00:01	25.00%	0.02%
concatenate_fastq-sample=SQK-NBD114-24_barcode04.fastq-1015774.out		00:00:06	46.15%	0.00%
concatenate_fastq-sample=SQK-NBD114-24_barcode04.fastq-1015797.out		00:00:01	7.14%	0.00%
concatenate_fastq-sample=SQK-NBD114-24_barcode04.fastq-1016002.out		00:00:04	26.67%	0.00%
concatenate_fastq-sample=SQK-NBD114-24_barcode04.fastq-1016014.out		00:00:03	33.33%	0.00%
concatenate_fastq-sample=SQK-NBD114-24_barcode04.fastq-1016050.out		00:00:03	30.00%	0.00%
concatenate_fastq-sample=SQK-NBD114-24_barcode04.fastq-1016071.out		00:00:03	42.86%	0.02%
concatenate_fastq-sample=SQK-NBD114-24_barcode05-1015251.out		00:00:09	8.82%	10.30%
concatenate_fastq-sample=SQK-NBD114-24_barcode05-1015766.out		00:00:09	20.93%	11.05%
concatenate_fastq-sample=SQK-NBD114-24_barcode05.fastq-1015252.out		00:00:06	8.57%	9.75%
concatenate_fastq-sample=SQK-NBD114-24_barcode05.fastq-1015286.out		00:00:00	0.00%	4.71%
concatenate_fastq-sample=SQK-NBD114-24_barcode05.fastq-1015495.out		00:00:03	5.88%	5.99%
concatenate_fastq-sample=SQK-NBD114-24_barcode05.fastq-1015520.out		00:00:06	46.15%	0.00%
concatenate_fastq-sample=SQK-NBD114-24_barcode05.fastq-1015680.out		00:00:01	11.11%	0.00%
concatenate_fastq-sample=SQK-NBD114-24_barcode05.fastq-1015728.out		00:00:01	50.00%	0.02%
concatenate_fastq-sample=SQK-NBD114-24_barcode05.fastq-1015787.out		00:00:06	42.86%	0.00%
concatenate_fastq-sample=SQK-NBD114-24_barcode05.fastq-1015803.out		00:00:01	25.00%	0.00%
concatenate_fastq-sample=SQK-NBD114-24_barcode05.fastq-1015991.out		00:00:03	20.00%	0.00%
concatenate_fastq-sample=SQK-NBD114-24_barcode05.fastq-1016017.out		00:00:03	33.33%	0.00%
concatenate_fastq-sample=SQK-NBD114-24_barcode05.fastq-1016039.out		00:00:03	50.00%	0.00%
concatenate_fastq-sample=SQK-NBD114-24_barcode05.fastq-1016060.out		00:00:03	42.86%	0.00%
concatenate_fastq-sample=SQK-NBD114-24_barcode06-1015266.out		00:00:08	8.16%	10.30%
concatenate_fastq-sample=SQK-NBD114-24_barcode06-1015776.out		00:00:07	17.95%	10.30%
concatenate_fastq-sample=SQK-NBD114-24_barcode06.fastq-1015274.out		00:00:05	7.35%	9.98%
concatenate_fastq-sample=SQK-NBD114-24_barcode06.fastq-1015284.out		00:00:00	0.00%	4.71%
concatenate_fastq-sample=SQK-NBD114-24_barcode06.fastq-1015516.out		00:00:03	6.12%	6.15%
concatenate_fastq-sample=SQK-NBD114-24_barcode06.fastq-1015529.out		00:00:02	40.00%	0.00%
concatenate_fastq-sample=SQK-NBD114-24_barcode06.fastq-1015709.out	2	00:00:01	12.50%	0.00%
concatenate_fastq-sample=SQK-NBD114-24_barcode06.fastq-1015724.out		00:00:01	50.00%	0.00%
concatenate_fastq-sample=SQK-NBD114-24_barcode06.fastq-1015783.out		00:00:05	38.46%	0.00%
concatenate_fastq-sample=SQK-NBD114-24_barcode06.fastq-1015799.out		00:00:01	10.00%	0.02%
concatenate_fastq-sample=SQK-NBD114-24_barcode06.fastq-1015988.out		00:00:04	26.67%	0.00%
concatenate_fastq-sample=SQK-NBD114-24_barcode06.fastq-1016012.out		00:00:03	42.86%	0.02%
concatenate_fastq-sample=SQK-NBD114-24_barcode06.fastq-1016036.out		00:00:03	42.86%	0.02%
concatenate_fastq-sample=SQK-NBD114-24_barcode06.fastq-1016058.out	2	00:00:03	21.43%	0.00%
concatenate_fastq-sample=SQK-NBD114-24_barcode07-1015254.out		00:00:08	7.92%	10.30%
concatenate_fastq-sample=SQK-NBD114-24_barcode07-1015764.out		00:00:04	23.53%	0.02%
concatenate_fastq-sample=SQK-NBD114-24_barcode07.fastq-1015260.out		00:00:06	8.96%	9.98%
concatenate_fastq-sample=SQK-NBD114-24_barcode07.fastq-1015279.out		00:00:00	0.00%	4.71%
concatenate_fastq-sample=SQK-NBD114-24_barcode07.fastq-1015502.out		00:00:03	5.88%	6.06%
concatenate_fastq-sample=SQK-NBD114-24_barcode07.fastq-1015523.out		00:00:02	40.00%	0.00%
concatenate_fastq-sample=SQK-NBD114-24_barcode07.fastq-1015690.out		00:00:01	12.50%	0.00%
concatenate_fastq-sample=SQK-NBD114-24_barcode07.fastq-1015715.out		00:00:01	50.00%	0.00%
concatenate_fastq-sample=SQK-NBD114-24_barcode07.fastq-1015768.out		00:00:05	38.46%	0.00%
concatenate_fastq-sample=SQK-NBD114-24_barcode07.fastq-1015793.out		00:00:01	7.14%	0.02%
concatenate_fastq-sample=SQK-NBD114-24_barcode07.fastq-1015998.out		00:00:04	26.67%	0.00%
concatenate_fastq-sample=SQK-NBD114-24_barcode07.fastq-1016019.out	2	00:00:04	20.00%	0.00%
concatenate_fastq-sample=SQK-NBD114-24_barcode07.fastq-1016046.out		00:00:03	37.50%	0.00%
concatenate_fastq-sample=SQK-NBD114-24_barcode07.fastq-1016065.out		00:00:03	27.27%	0.00%
concatenate_fastq-sample=SQK-NBD114-24_barcode08-1015265.out		00:00:08	8.16%	10.30%
concatenate_fastq-sample=SQK-NBD114-24_barcode08-1015781.out		00:00:08	20.51%	10.30%
concatenate_fastq-sample=SQK-NBD114-24_barcode08.fastq-1015270.out		00:00:06	8.96%	9.98%
concatenate_fastq-sample=SQK-NBD114-24_barcode08.fastq-1015283.out		00:00:00	0.00%	4.71%
concatenate_fastq-sample=SQK-NBD114-24_barcode08.fastq-1015513.out		00:00:03	6.12%	6.15%
concatenate_fastq-sample=SQK-NBD114-24_barcode08.fastq-1015528.out		00:00:02	40.00%	0.00%
concatenate_fastq-sample=SQK-NBD114-24_barcode08.fastq-1015703.out	2	00:00:01	12.50%	0.00%
concatenate_fastq-sample=SQK-NBD114-24_barcode08.fastq-1015721.out		00:00:01	33.33%	0.02%
concatenate_fastq-sample=SQK-NBD114-24_barcode08.fastq-1015777.out		00:00:06	46.15%	0.00%
concatenate_fastq-sample=SQK-NBD114-24_barcode08.fastq-1015805.out		00:00:01	33.33%	0.02%
concatenate_fastq-sample=SQK-NBD114-24_barcode08.fastq-1016006.out		00:00:03	25.00%	0.01%
concatenate_fastq-sample=SQK-NBD114-24_barcode08.fastq-1016024.out	2	00:00:03	10.71%	0.00%
concatenate_fastq-sample=SQK-NBD114-24_barcode08.fastq-1016054.out		00:00:03	30.00%	0.00%
concatenate_fastq-sample=SQK-NBD114-24_barcode08.fastq-1016076.out		00:00:03	42.86%	0.02%
concatenate_fastq-sample=SQK-NBD114-24_barcode09-1015262.out		00:00:10	9.71%	11.05%
concatenate_fastq-sample=SQK-NBD114-24_barcode09-1015782.out		00:00:10	23.26%	11.05%
concatenate_fastq-sample=SQK-NBD114-24_barcode09.fastq-1015261.out		00:00:06	8.96%	9.98%
concatenate_fastq-sample=SQK-NBD114-24_barcode09.fastq-1015288.out		00:00:00	0.00%	4.71%
concatenate_fastq-sample=SQK-NBD114-24_barcode09.fastq-1015504.out		00:00:02	3.92%	6.06%
concatenate_fastq-sample=SQK-NBD114-24_barcode09.fastq-1015524.out		00:00:02	40.00%	0.00%
concatenate_fastq-sample=SQK-NBD114-24_barcode09.fastq-1015691.out		00:00:01	12.50%	0.00%
concatenate_fastq-sample=SQK-NBD114-24_barcode09.fastq-1015716.out		00:00:01	50.00%	0.02%
concatenate_fastq-sample=SQK-NBD114-24_barcode09.fastq-1015770.out		00:00:05	38.46%	0.00%
concatenate_fastq-sample=SQK-NBD114-24_barcode09.fastq-1015795.out		00:00:01	7.14%	0.00%
concatenate_fastq-sample=SQK-NBD114-24_barcode09.fastq-1015999.out		00:00:04	26.67%	0.00%
concatenate_fastq-sample=SQK-NBD114-24_barcode09.fastq-1016023.out	2	00:00:03	11.54%	0.00%
concatenate_fastq-sample=SQK-NBD114-24_barcode09.fastq-1016047.out		00:00:03	30.00%	0.00%
concatenate_fastq-sample=SQK-NBD114-24_barcode09.fastq-1016074.out		00:00:03	42.86%	0.00%
concatenate_fastq-sample=SQK-NBD114-24_barcode10-1015271.out		00:00:09	10.59%	9.99%
concatenate_fastq-sample=SQK-NBD114-24_barcode10-1015778.out		00:00:06	20.00%	0.00%
concatenate_fastq-sample=SQK-NBD114-24_barcode10.fastq-1015264.out		00:00:06	8.96%	9.98%
concatenate_fastq-sample=SQK-NBD114-24_barcode10.fastq-1015282.out		00:00:00	0.00%	4.71%
concatenate_fastq-sample=SQK-NBD114-24_barcode10.fastq-1015507.out		00:00:03	6.12%	6.15%
concatenate_fastq-sample=SQK-NBD114-24_barcode10.fastq-1015525.out		00:00:02	40.00%	0.00%
concatenate_fastq-sample=SQK-NBD114-24_barcode10.fastq-1015693.out		00:00:01	14.29%	0.00%
concatenate_fastq-sample=SQK-NBD114-24_barcode10.fastq-1015717.out		00:00:01	50.00%	0.02%
concatenate_fastq-sample=SQK-NBD114-24_barcode10.fastq-1015772.out		00:00:05	38.46%	0.00%
concatenate_fastq-sample=SQK-NBD114-24_barcode10.fastq-1015796.out		00:00:01	7.14%	0.02%
concatenate_fastq-sample=SQK-NBD114-24_barcode10.fastq-1016000.out		00:00:04	26.67%	0.00%
concatenate_fastq-sample=SQK-NBD114-24_barcode10.fastq-1016018.out		00:00:03	33.33%	0.00%
concatenate_fastq-sample=SQK-NBD114-24_barcode10.fastq-1016048.out		00:00:03	30.00%	0.00%
concatenate_fastq-sample=SQK-NBD114-24_barcode10.fastq-1016075.out		00:00:03	42.86%	0.00%
concatenate_fastq-sample=SQK-NBD114-24_barcode11-1015272.out		00:00:08	8.16%	10.30%
concatenate_fastq-sample=SQK-NBD114-24_barcode11-1015773.out		00:00:08	20.51%	10.30%
concatenate_fastq-sample=SQK-NBD114-24_barcode11.fastq-1015250.out		00:00:06	8.57%	9.75%
concatenate_fastq-sample=SQK-NBD114-24_barcode11.fastq-1015285.out		00:00:00	0.00%	4.71%
concatenate_fastq-sample=SQK-NBD114-24_barcode11.fastq-1015493.out		00:00:03	5.88%	5.99%
concatenate_fastq-sample=SQK-NBD114-24_barcode11.fastq-1015518.out		00:00:05	38.46%	0.00%
concatenate_fastq-sample=SQK-NBD114-24_barcode11.fastq-1015676.out		00:00:01	50.00%	0.02%
concatenate_fastq-sample=SQK-NBD114-24_barcode11.fastq-1015712.out		00:00:01	25.00%	0.02%
concatenate_fastq-sample=SQK-NBD114-24_barcode11.fastq-1015785.out		00:00:06	46.15%	0.00%
concatenate_fastq-sample=SQK-NBD114-24_barcode11.fastq-1015801.out		00:00:01	11.11%	0.02%
concatenate_fastq-sample=SQK-NBD114-24_barcode11.fastq-1015990.out		00:00:03	20.00%	0.00%
concatenate_fastq-sample=SQK-NBD114-24_barcode11.fastq-1016030.out	2	00:00:04	15.38%	0.00%
concatenate_fastq-sample=SQK-NBD114-24_barcode11.fastq-1016038.out		00:00:03	50.00%	0.02%
concatenate_fastq-sample=SQK-NBD114-24_barcode11.fastq-1016059.out		00:00:03	42.86%	0.00%
concatenate_fastq-sample=SQK-NBD114-24_barcode12-1015257.out		00:00:07	7.87%	9.99%
concatenate_fastq-sample=SQK-NBD114-24_barcode12-1015789.out		00:00:07	20.59%	10.17%
concatenate_fastq-sample=SQK-NBD114-24_barcode12.fastq-1015269.out		00:00:06	8.96%	9.98%
concatenate_fastq-sample=SQK-NBD114-24_barcode12.fastq-1015281.out		00:00:00	0.00%	4.71%
concatenate_fastq-sample=SQK-NBD114-24_barcode12.fastq-1015511.out		00:00:03	6.12%	6.15%
concatenate_fastq-sample=SQK-NBD114-24_barcode12.fastq-1015527.out		00:00:02	40.00%	0.00%
concatenate_fastq-sample=SQK-NBD114-24_barcode12.fastq-1015699.out		00:00:01	20.00%	0.02%
concatenate_fastq-sample=SQK-NBD114-24_barcode12.fastq-1015719.out	2	00:00:01	12.50%	0.00%
concatenate_fastq-sample=SQK-NBD114-24_barcode12.fastq-1015775.out		00:00:07	50.00%	0.00%
concatenate_fastq-sample=SQK-NBD114-24_barcode12.fastq-1015798.out		00:00:01	7.69%	0.02%
concatenate_fastq-sample=SQK-NBD114-24_barcode12.fastq-1016004.out		00:00:04	26.67%	0.00%
concatenate_fastq-sample=SQK-NBD114-24_barcode12.fastq-1016020.out	2	00:00:04	20.00%	0.00%
concatenate_fastq-sample=SQK-NBD114-24_barcode12.fastq-1016052.out		00:00:03	30.00%	0.00%
concatenate_fastq-sample=SQK-NBD114-24_barcode12.fastq-1016072.out		00:00:03	42.86%	0.00%
concatenate_fastq-sample=SQK-NBD114-24_barcode13-1015268.out		00:00:08	8.99%	9.98%
concatenate_fastq-sample=SQK-NBD114-24_barcode13-1015779.out		00:00:08	20.51%	10.30%
concatenate_fastq-sample=SQK-NBD114-24_barcode13.fastq-1015256.out		00:00:06	8.57%	9.76%
concatenate_fastq-sample=SQK-NBD114-24_barcode13.fastq-1015278.out		00:00:00	0.00%	4.71%
concatenate_fastq-sample=SQK-NBD114-24_barcode13.fastq-1015500.out		00:00:03	5.88%	6.06%
concatenate_fastq-sample=SQK-NBD114-24_barcode13.fastq-1015521.out		00:00:05	38.46%	0.00%
concatenate_fastq-sample=SQK-NBD114-24_barcode13.fastq-1015683.out		00:00:01	11.11%	0.00%
concatenate_fastq-sample=SQK-NBD114-24_barcode13.fastq-1015713.out		00:00:01	25.00%	0.00%
concatenate_fastq-sample=SQK-NBD114-24_barcode13.fastq-1015765.out		00:00:05	50.00%	0.00%
concatenate_fastq-sample=SQK-NBD114-24_barcode13.fastq-1015792.out		00:00:01	8.33%	0.00%
concatenate_fastq-sample=SQK-NBD114-24_barcode13.fastq-1015996.out		00:00:03	20.00%	0.00%
concatenate_fastq-sample=SQK-NBD114-24_barcode13.fastq-1016026.out	2	00:00:05	27.78%	0.00%
concatenate_fastq-sample=SQK-NBD114-24_barcode13.fastq-1016044.out		00:00:02	28.57%	0.00%
concatenate_fastq-sample=SQK-NBD114-24_barcode13.fastq-1016064.out		00:00:03	37.50%	0.00%
concatenate_fastq-sample=SQK-NBD114-24_barcode14-1015273.out		00:00:06	7.06%	9.99%
concatenate_fastq-sample=SQK-NBD114-24_barcode14-1015771.out		00:00:06	24.00%	0.00%
concatenate_fastq-sample=SQK-NBD114-24_barcode14.fastq-1015258.out		00:00:06	8.96%	9.98%
concatenate_fastq-sample=SQK-NBD114-24_barcode14.fastq-1015277.out		00:00:00	0.00%	4.71%
concatenate_fastq-sample=SQK-NBD114-24_barcode14.fastq-1015501.out		00:00:02	3.92%	6.06%
concatenate_fastq-sample=SQK-NBD114-24_barcode14.fastq-1015522.out		00:00:02	40.00%	0.00%
concatenate_fastq-sample=SQK-NBD114-24_barcode14.fastq-1015685.out		00:00:01	11.11%	0.00%
concatenate_fastq-sample=SQK-NBD114-24_barcode14.fastq-1015714.out		00:00:01	25.00%	0.02%
concatenate_fastq-sample=SQK-NBD114-24_barcode14.fastq-1015767.out		00:00:05	50.00%	0.00%
concatenate_fastq-sample=SQK-NBD114-24_barcode14.fastq-1015794.out		00:00:01	6.67%	0.00%
concatenate_fastq-sample=SQK-NBD114-24_barcode14.fastq-1015997.out		00:00:04	26.67%	0.00%
concatenate_fastq-sample=SQK-NBD114-24_barcode14.fastq-1016029.out	2	00:00:03	10.71%	0.00%
concatenate_fastq-sample=SQK-NBD114-24_barcode14.fastq-1016045.out		00:00:02	28.57%	0.00%
concatenate_fastq-sample=SQK-NBD114-24_barcode14.fastq-1016066.out		00:00:03	27.27%	0.00%
concatenate_fastq-sample=SQK-NBD114-24_barcode15-1015259.out		00:00:07	8.97%	9.98%
concatenate_fastq-sample=SQK-NBD114-24_barcode15-1015784.out		00:00:07	29.17%	0.00%
concatenate_fastq-sample=SQK-NBD114-24_barcode15.fastq-1015255.out		00:00:06	8.57%	9.76%
concatenate_fastq-sample=SQK-NBD114-24_barcode15.fastq-1015276.out		00:00:00	0.00%	4.71%
concatenate_fastq-sample=SQK-NBD114-24_barcode15.fastq-1015497.out		00:00:03	5.88%	5.99%
concatenate_fastq-sample=SQK-NBD114-24_barcode15.fastq-1015519.out		00:00:05	35.71%	0.00%
concatenate_fastq-sample=SQK-NBD114-24_barcode15.fastq-1015682.out		00:00:01	12.50%	0.00%
concatenate_fastq-sample=SQK-NBD114-24_barcode15.fastq-1015711.out		00:00:01	20.00%	0.02%
concatenate_fastq-sample=SQK-NBD114-24_barcode15.fastq-1015786.out		00:00:06	40.00%	0.00%
concatenate_fastq-sample=SQK-NBD114-24_barcode15.fastq-1015804.out		00:00:01	25.00%	0.00%
concatenate_fastq-sample=SQK-NBD114-24_barcode15.fastq-1015993.out		00:00:03	20.00%	0.00%
concatenate_fastq-sample=SQK-NBD114-24_barcode15.fastq-1016022.out	2	00:00:03	15.00%	0.00%
concatenate_fastq-sample=SQK-NBD114-24_barcode15.fastq-1016041.out		00:00:02	28.57%	0.00%
concatenate_fastq-sample=SQK-NBD114-24_barcode15.fastq-1016062.out		00:00:03	37.50%	0.02%
concatenate_fastq-sample=barcode04-1053584.out		00:00:07	38.89%	0.00%
concatenate_fastq-sample=barcode04.fastq-1053578.out		00:00:08	47.06%	0.00%
concatenate_fastq-sample=barcode04.fastq-1053603.out	2	00:00:04	22.22%	0.00%
concatenate_fastq-sample=barcode04.fastq-1053750.out		00:00:04	80.00%	0.00%
concatenate_fastq-sample=barcode04.fastq-1053763.out		00:00:04	80.00%	0.00%
concatenate_fastq-sample=barcode04.fastq-1054165.out		00:00:06	26.09%	0.01%
concatenate_fastq-sample=barcode04.fastq-1054178.out		00:00:05	62.50%	0.02%
concatenate_fastq-sample=barcode05-1053593.out	2	00:00:06	17.65%	0.00%
concatenate_fastq-sample=barcode05.fastq-1053572.out		00:00:07	35.00%	0.00%
concatenate_fastq-sample=barcode05.fastq-1053598.out	2	00:00:04	25.00%	0.00%
concatenate_fastq-sample=barcode05.fastq-1053742.out		00:00:04	100.00%	0.00%
concatenate_fastq-sample=barcode05.fastq-1053756.out		00:00:04	80.00%	0.00%
concatenate_fastq-sample=barcode05.fastq-1054157.out		00:00:06	26.09%	0.00%
concatenate_fastq-sample=barcode05.fastq-1054170.out		00:00:05	71.43%	0.00%
concatenate_fastq-sample=barcode06-1053568.out		00:00:07	33.33%	0.00%
concatenate_fastq-sample=barcode06.fastq-1053581.out		00:00:09	52.94%	0.00%
concatenate_fastq-sample=barcode06.fastq-1053606.out	2	00:00:04	22.22%	0.00%
concatenate_fastq-sample=barcode06.fastq-1053743.out		00:00:05	100.00%	0.00%
concatenate_fastq-sample=barcode06.fastq-1053757.out		00:00:03	75.00%	0.00%
concatenate_fastq-sample=barcode06.fastq-1054158.out		00:00:06	27.27%	0.00%
concatenate_fastq-sample=barcode06.fastq-1054171.out		00:00:05	62.50%	0.02%
concatenate_fastq-sample=barcode07-1053582.out		00:00:08	44.44%	0.00%
concatenate_fastq-sample=barcode07.fastq-1053569.out		00:00:07	35.00%	0.00%
concatenate_fastq-sample=barcode07.fastq-1053595.out		00:00:03	75.00%	0.00%
concatenate_fastq-sample=barcode07.fastq-1053748.out		00:00:04	80.00%	0.00%
concatenate_fastq-sample=barcode07.fastq-1053761.out		00:00:03	75.00%	0.00%
concatenate_fastq-sample=barcode07.fastq-1054163.out		00:00:06	27.27%	0.00%
concatenate_fastq-sample=barcode07.fastq-1054176.out		00:00:06	75.00%	0.02%
concatenate_fastq-sample=barcode08-1053586.out		00:00:07	38.89%	0.00%
concatenate_fastq-sample=barcode08.fastq-1053570.out		00:00:08	40.00%	0.00%
concatenate_fastq-sample=barcode08.fastq-1053596.out		00:00:03	75.00%	0.00%
concatenate_fastq-sample=barcode08.fastq-1053749.out		00:00:04	80.00%	0.00%
concatenate_fastq-sample=barcode08.fastq-1053762.out		00:00:03	75.00%	0.00%
concatenate_fastq-sample=barcode08.fastq-1054164.out		00:00:06	26.09%	0.00%
concatenate_fastq-sample=barcode08.fastq-1054177.out		00:00:06	75.00%	0.00%
concatenate_fastq-sample=barcode09-1053585.out		00:00:08	44.44%	0.00%
concatenate_fastq-sample=barcode09.fastq-1053589.out		00:00:07	41.18%	0.00%
concatenate_fastq-sample=barcode09.fastq-1053615.out		00:00:03	100.00%	0.02%
concatenate_fastq-sample=barcode09.fastq-1053751.out		00:00:04	80.00%	0.00%
concatenate_fastq-sample=barcode09.fastq-1053764.out		00:00:04	80.00%	0.00%
concatenate_fastq-sample=barcode09.fastq-1054166.out		00:00:07	30.43%	0.00%
concatenate_fastq-sample=barcode09.fastq-1054179.out		00:00:05	71.43%	0.00%
concatenate_fastq-sample=barcode10-1053587.out		00:00:07	38.89%	0.00%
concatenate_fastq-sample=barcode10.fastq-1053579.out		00:00:07	41.18%	0.00%
concatenate_fastq-sample=barcode10.fastq-1053604.out	2	00:00:04	22.22%	0.00%
concatenate_fastq-sample=barcode10.fastq-1053752.out		00:00:04	80.00%	0.00%
concatenate_fastq-sample=barcode10.fastq-1053765.out		00:00:03	75.00%	0.00%
concatenate_fastq-sample=barcode10.fastq-1054156.out		00:00:06	27.27%	0.00%
concatenate_fastq-sample=barcode10.fastq-1054169.out		00:00:05	71.43%	0.00%
concatenate_fastq-sample=barcode11-1053580.out		00:00:07	38.89%	0.00%
concatenate_fastq-sample=barcode11.fastq-1053588.out		00:00:08	47.06%	0.00%
concatenate_fastq-sample=barcode11.fastq-1053613.out	2	00:00:03	37.50%	0.00%
concatenate_fastq-sample=barcode11.fastq-1053747.out		00:00:04	80.00%	0.00%
concatenate_fastq-sample=barcode11.fastq-1053760.out		00:00:03	75.00%	0.00%
concatenate_fastq-sample=barcode11.fastq-1054162.out		00:00:06	27.27%	0.01%
concatenate_fastq-sample=barcode11.fastq-1054175.out		00:00:05	71.43%	0.00%
concatenate_fastq-sample=barcode12-1053591.out		00:00:03	75.00%	0.00%
concatenate_fastq-sample=barcode12.fastq-1053590.out		00:00:09	52.94%	0.00%
concatenate_fastq-sample=barcode12.fastq-1053614.out	2	00:00:03	37.50%	0.00%
concatenate_fastq-sample=barcode12.fastq-1053740.out		00:00:03	75.00%	0.02%
concatenate_fastq-sample=barcode12.fastq-1053753.out		00:00:03	75.00%	0.00%
concatenate_fastq-sample=barcode12.fastq-1054155.out		00:00:06	27.27%	0.00%
concatenate_fastq-sample=barcode12.fastq-1054168.out		00:00:05	71.43%	0.00%
concatenate_fastq-sample=barcode13-1053571.out		00:00:07	33.33%	0.02%
concatenate_fastq-sample=barcode13.fastq-1053573.out		00:00:07	35.00%	0.00%
concatenate_fastq-sample=barcode13.fastq-1053599.out	2	00:00:04	22.22%	0.00%
concatenate_fastq-sample=barcode13.fastq-1053744.out		00:00:04	100.00%	0.00%
concatenate_fastq-sample=barcode13.fastq-1053754.out		00:00:03	75.00%	0.00%
concatenate_fastq-sample=barcode13.fastq-1054159.out		00:00:06	27.27%	0.00%
concatenate_fastq-sample=barcode13.fastq-1054172.out		00:00:05	62.50%	0.00%
concatenate_fastq-sample=barcode14-1053577.out		00:00:08	44.44%	0.00%
concatenate_fastq-sample=barcode14.fastq-1053583.out		00:00:08	47.06%	0.00%
concatenate_fastq-sample=barcode14.fastq-1053608.out	2	00:00:03	25.00%	0.00%
concatenate_fastq-sample=barcode14.fastq-1053746.out		00:00:04	80.00%	0.00%
concatenate_fastq-sample=barcode14.fastq-1053759.out		00:00:04	100.00%	0.00%
concatenate_fastq-sample=barcode14.fastq-1054161.out		00:00:06	26.09%	0.00%
concatenate_fastq-sample=barcode14.fastq-1054174.out		00:00:05	62.50%	0.00%
concatenate_fastq-sample=barcode15-1053574.out		00:00:07	33.33%	0.02%
concatenate_fastq-sample=barcode15.fastq-1053576.out		00:00:07	41.18%	0.00%
concatenate_fastq-sample=barcode15.fastq-1053601.out	2	00:00:04	22.22%	0.00%
concatenate_fastq-sample=barcode15.fastq-1053745.out		00:00:04	80.00%	0.00%
concatenate_fastq-sample=barcode15.fastq-1053758.out		00:00:04	80.00%	0.00%
concatenate_fastq-sample=barcode15.fastq-1054160.out		00:00:06	26.09%	0.00%
concatenate_fastq-sample=barcode15.fastq-1054173.out		00:00:05	62.50%	0.00%
gffread--1015263.out		00:00:08	11.11%	4.99%
gffread--1015289.out		00:00:00	0.00%	2.36%
gffread--1015506.out		00:00:05	9.62%	3.07%
gffread--1015780.out		00:00:09	45.00%	0.00%
gffread--1053575.out		00:00:07	38.89%	0.00%
mapping_genome-sample=SQK-NBD114-24_barcode04-1015647.out	32	00:00:28	10.94%	0.00%
mapping_genome-sample=SQK-NBD114-24_barcode04-1015860.out	32	00:21:07	64.91%	69.96%
mapping_genome-sample=SQK-NBD114-24_barcode04-1015902.out	32	01:10:02	83.11%	98.29%
mapping_genome-sample=SQK-NBD114-24_barcode04-1016007.out	32	00:56:40	80.49%	92.70%
mapping_genome-sample=SQK-NBD114-24_barcode04-1016032.out	32	00:26:39	70.38%	94.66%
mapping_genome-sample=SQK-NBD114-24_barcode04-1016055.out	32	01:53:29	63.52%	63.90%
mapping_genome-sample=SQK-NBD114-24_barcode05-1015639.out	32	00:01:05	12.70%	0.00%
mapping_genome-sample=SQK-NBD114-24_barcode05-1015857.out	32	00:46:14	42.29%	96.15%
mapping_genome-sample=SQK-NBD114-24_barcode06-1015569.out	32	00:00:35	8.41%	0.00%
mapping_genome-sample=SQK-NBD114-24_barcode06-1015856.out	32	00:53:18	84.69%	94.00%
mapping_genome-sample=SQK-NBD114-24_barcode06-1015903.out	32	00:38:01	45.99%	96.61%
mapping_genome-sample=SQK-NBD114-24_barcode07-1015619.out	32	00:00:43	9.60%	0.00%
mapping_genome-sample=SQK-NBD114-24_barcode07-1015836.out	32	00:49:29	51.55%	95.44%
mapping_genome-sample=SQK-NBD114-24_barcode08-1015600.out	32	00:03:08	18.95%	0.25%
mapping_genome-sample=SQK-NBD114-24_barcode08-1015852.out	32	00:31:17	78.21%	83.89%
mapping_genome-sample=SQK-NBD114-24_barcode08-1015887.out	32	00:41:51	80.90%	89.20%
mapping_genome-sample=SQK-NBD114-24_barcode08-1015994.out	32	00:41:07	74.85%	90.73%
mapping_genome-sample=SQK-NBD114-24_barcode08-1016031.out	32	00:31:57	79.88%	87.03%
mapping_genome-sample=SQK-NBD114-24_barcode08-1016042.out	32	00:46:01	52.93%	63.30%
mapping_genome-sample=SQK-NBD114-24_barcode09-1015595.out	32	00:04:33	17.06%	0.28%
mapping_genome-sample=SQK-NBD114-24_barcode09-1015858.out	32	00:40:12	39.88%	91.61%
mapping_genome-sample=SQK-NBD114-24_barcode10-1015579.out	32	00:02:26	15.73%	0.00%
mapping_genome-sample=SQK-NBD114-24_barcode10-1015850.out	32	00:17:58	37.02%	71.64%
mapping_genome-sample=SQK-NBD114-24_barcode11-1015626.out	32	00:01:53	12.61%	0.00%
mapping_genome-sample=SQK-NBD114-24_barcode11-1015853.out	32	01:01:22	38.48%	86.01%
mapping_genome-sample=SQK-NBD114-24_barcode12-1015623.out	32	00:01:36	15.79%	0.00%
mapping_genome-sample=SQK-NBD114-24_barcode12-1015848.out	32	00:32:48	53.02%	82.15%
mapping_genome-sample=SQK-NBD114-24_barcode13-1015594.out	32	00:02:30	14.65%	0.26%
mapping_genome-sample=SQK-NBD114-24_barcode13-1015849.out	32	00:39:48	53.30%	85.01%
mapping_genome-sample=SQK-NBD114-24_barcode14-1015561.out	32	00:01:42	12.75%	0.00%
mapping_genome-sample=SQK-NBD114-24_barcode14-1015832.out	32	00:16:34	31.70%	64.03%
mapping_genome-sample=SQK-NBD114-24_barcode15-1015560.out	32	00:01:08	12.50%	0.00%
mapping_genome-sample=SQK-NBD114-24_barcode15-1015851.out	32	00:12:15	34.28%	9.62%
mapping_genome-sample=barcode04-1053701.out	32	00:00:05	3.12%	0.00%
mapping_genome-sample=barcode05-1053654.out	32	00:00:08	3.57%	0.00%
mapping_genome-sample=barcode06-1053637.out	32	00:00:06	4.69%	0.00%
mapping_genome-sample=barcode07-1053710.out	32	00:00:06	3.75%	0.00%
mapping_genome-sample=barcode08-1053680.out	32	00:00:11	6.88%	0.00%
mapping_genome-sample=barcode09-1053686.out	32	00:00:12	7.50%	0.00%
mapping_genome-sample=barcode10-1053714.out	32	00:00:17	7.59%	0.00%
mapping_genome-sample=barcode11-1053668.out	32	00:00:10	7.81%	0.00%
mapping_genome-sample=barcode12-1053662.out	32	00:00:14	8.75%	0.00%
mapping_genome-sample=barcode13-1053630.out	32	00:00:15	6.70%	0.00%
mapping_genome-sample=barcode14-1053692.out	32	00:00:16	8.33%	0.00%
mapping_genome-sample=barcode15-1053720.out	32	00:00:13	5.80%	0.00%
mapping_transcriptome-sample=SQK-NBD114-24_barcode04-1015650.out	32	00:00:28	8.75%	0.00%
mapping_transcriptome-sample=SQK-NBD114-24_barcode04-1016080.out	32	01:16:54	42.04%	18.30%
mapping_transcriptome-sample=SQK-NBD114-24_barcode05-1015649.out	32	00:01:00	9.87%	0.00%
mapping_transcriptome-sample=SQK-NBD114-24_barcode05-1015910.out	32	00:54:42	44.98%	16.10%
mapping_transcriptome-sample=SQK-NBD114-24_barcode06-1015578.out	32	00:00:33	10.31%	0.00%
mapping_transcriptome-sample=SQK-NBD114-24_barcode06-1015958.out	32	00:31:36	35.91%	14.82%
mapping_transcriptome-sample=SQK-NBD114-24_barcode07-1015625.out	32	00:00:34	8.17%	0.00%
mapping_transcriptome-sample=SQK-NBD114-24_barcode07-1015891.out	32	00:31:28	34.91%	13.92%
mapping_transcriptome-sample=SQK-NBD114-24_barcode08-1015621.out	32	00:01:58	14.75%	0.00%
mapping_transcriptome-sample=SQK-NBD114-24_barcode08-1016079.out	32	00:31:57	33.28%	13.62%
mapping_transcriptome-sample=SQK-NBD114-24_barcode09-1015613.out	32	00:03:50	15.97%	0.28%
mapping_transcriptome-sample=SQK-NBD114-24_barcode09-1015909.out	32	00:36:00	32.45%	16.75%
mapping_transcriptome-sample=SQK-NBD114-24_barcode10-1015593.out	32	00:02:43	16.43%	0.26%
mapping_transcriptome-sample=SQK-NBD114-24_barcode10-1015884.out	32	00:16:21	32.27%	9.33%
mapping_transcriptome-sample=SQK-NBD114-24_barcode11-1015641.out	32	00:02:13	15.39%	0.00%
mapping_transcriptome-sample=SQK-NBD114-24_barcode11-1015912.out	32	00:39:51	36.99%	14.37%
mapping_transcriptome-sample=SQK-NBD114-24_barcode12-1015635.out	32	00:01:30	14.80%	0.00%
mapping_transcriptome-sample=SQK-NBD114-24_barcode12-1015890.out	32	00:20:04	32.16%	10.07%
mapping_transcriptome-sample=SQK-NBD114-24_barcode13-1015605.out	32	00:02:53	20.79%	0.00%
mapping_transcriptome-sample=SQK-NBD114-24_barcode13-1015896.out	32	00:27:33	36.90%	10.70%
mapping_transcriptome-sample=SQK-NBD114-24_barcode14-1015568.out	32	00:01:16	15.83%	0.00%
mapping_transcriptome-sample=SQK-NBD114-24_barcode14-1015861.out	32	00:20:18	38.06%	7.04%
mapping_transcriptome-sample=SQK-NBD114-24_barcode15-1015564.out	32	00:01:04	12.50%	0.00%
mapping_transcriptome-sample=SQK-NBD114-24_barcode15-1015881.out	32	00:13:36	31.87%	6.88%
mapping_transcriptome-sample=barcode04-1053706.out	32	00:00:05	3.12%	0.00%
mapping_transcriptome-sample=barcode05-1053656.out	32	00:00:07	4.38%	0.00%
mapping_transcriptome-sample=barcode06-1053639.out	32	00:00:05	3.12%	0.00%
mapping_transcriptome-sample=barcode07-1053715.out	32	00:00:06	3.12%	0.00%
mapping_transcriptome-sample=barcode08-1053683.out	32	00:00:10	7.81%	0.00%
mapping_transcriptome-sample=barcode09-1053690.out	32	00:00:17	10.62%	0.00%
mapping_transcriptome-sample=barcode10-1053718.out	32	00:00:17	8.85%	0.00%
mapping_transcriptome-sample=barcode11-1053670.out	32	00:00:12	5.36%	0.00%
mapping_transcriptome-sample=barcode12-1053665.out	32	00:00:10	6.25%	0.00%
mapping_transcriptome-sample=barcode13-1053632.out	32	00:00:16	10.00%	0.00%
mapping_transcriptome-sample=barcode14-1053697.out	32	00:00:14	8.75%	0.00%
mapping_transcriptome-sample=barcode15-1053724.out	32	00:00:13	8.12%	0.00%
merge_cDNA_reads-sample=SQK-NBD114-24_barcode04-1015629.out		00:00:01	25.00%	0.01%
merge_cDNA_reads-sample=SQK-NBD114-24_barcode04-1015957.out		00:00:01	33.33%	0.01%
merge_cDNA_reads-sample=SQK-NBD114-24_barcode05-1015622.out		00:00:01	20.00%	0.01%
merge_cDNA_reads-sample=SQK-NBD114-24_barcode05-1015929.out		00:00:01	25.00%	0.00%
merge_cDNA_reads-sample=SQK-NBD114-24_barcode06-1015559.out	2	00:00:06	23.08%	0.00%
merge_cDNA_reads-sample=SQK-NBD114-24_barcode06-1015949.out		00:00:01	25.00%	0.01%
merge_cDNA_reads-sample=SQK-NBD114-24_barcode07-1015603.out		00:00:01	20.00%	0.01%
merge_cDNA_reads-sample=SQK-NBD114-24_barcode07-1015956.out		00:00:01	25.00%	0.00%
merge_cDNA_reads-sample=SQK-NBD114-24_barcode08-1015588.out	2	00:00:04	18.18%	0.00%
merge_cDNA_reads-sample=SQK-NBD114-24_barcode08-1015934.out		00:00:01	20.00%	0.00%
merge_cDNA_reads-sample=SQK-NBD114-24_barcode09-1015580.out		00:00:01	20.00%	0.01%
merge_cDNA_reads-sample=SQK-NBD114-24_barcode09-1015969.out		00:00:01	12.50%	0.01%
merge_cDNA_reads-sample=SQK-NBD114-24_barcode10-1015565.out	2	00:00:11	28.95%	0.00%
merge_cDNA_reads-sample=SQK-NBD114-24_barcode10-1015906.out	2	00:00:04	20.00%	0.00%
merge_cDNA_reads-sample=SQK-NBD114-24_barcode11-1015602.out		00:00:01	16.67%	0.00%
merge_cDNA_reads-sample=SQK-NBD114-24_barcode11-1015913.out		00:00:01	20.00%	0.01%
merge_cDNA_reads-sample=SQK-NBD114-24_barcode12-1015604.out		00:00:01	25.00%	0.00%
merge_cDNA_reads-sample=SQK-NBD114-24_barcode12-1015920.out		00:00:01	20.00%	0.00%
merge_cDNA_reads-sample=SQK-NBD114-24_barcode13-1015576.out	2	00:00:06	23.08%	0.00%
merge_cDNA_reads-sample=SQK-NBD114-24_barcode13-1015932.out		00:00:01	20.00%	0.01%
merge_cDNA_reads-sample=SQK-NBD114-24_barcode14-1015550.out	2	00:00:05	22.73%	0.00%
merge_cDNA_reads-sample=SQK-NBD114-24_barcode14-1015908.out	2	00:00:04	20.00%	0.00%
merge_cDNA_reads-sample=SQK-NBD114-24_barcode15-1015549.out	2	00:00:06	30.00%	0.00%
merge_cDNA_reads-sample=SQK-NBD114-24_barcode15-1015914.out		00:00:01	50.00%	0.01%
merge_cDNA_reads-sample=barcode04-1053685.out		00:00:01	100.00%	0.01%
merge_cDNA_reads-sample=barcode05-1053651.out		00:00:01	50.00%	0.01%
merge_cDNA_reads-sample=barcode06-1053631.out		00:00:01	50.00%	0.01%
merge_cDNA_reads-sample=barcode07-1053693.out		00:00:01	33.33%	0.01%
merge_cDNA_reads-sample=barcode08-1053673.out		00:00:01	50.00%	0.01%
merge_cDNA_reads-sample=barcode09-1053676.out		00:00:01	50.00%	0.01%
merge_cDNA_reads-sample=barcode10-1053698.out		00:00:01	50.00%	0.01%
merge_cDNA_reads-sample=barcode11-1053661.out		00:00:01	100.00%	0.01%
merge_cDNA_reads-sample=barcode12-1053655.out		00:00:01	50.00%	0.01%
merge_cDNA_reads-sample=barcode13-1053624.out		00:00:01	50.00%	0.01%
merge_cDNA_reads-sample=barcode14-1053681.out		00:00:01	100.00%	0.01%
merge_cDNA_reads-sample=barcode15-1053705.out		00:00:01	50.00%	0.01%
polyA_removal-sample=SQK-NBD114-24_barcode04-1015636.out	32	00:00:04	1.56%	0.00%
polyA_removal-sample=SQK-NBD114-24_barcode04-1015826.out	32	00:00:24	3.75%	0.00%
polyA_removal-sample=SQK-NBD114-24_barcode05-1015627.out	32	00:00:05	2.23%	0.00%
polyA_removal-sample=SQK-NBD114-24_barcode05-1015822.out	32	00:00:22	3.82%	0.00%
polyA_removal-sample=SQK-NBD114-24_barcode06-1015563.out	32	00:00:03	0.94%	0.00%
polyA_removal-sample=SQK-NBD114-24_barcode06-1015818.out	32	00:00:20	4.46%	0.00%
polyA_removal-sample=SQK-NBD114-24_barcode07-1015608.out	32	00:00:04	1.79%	0.00%
polyA_removal-sample=SQK-NBD114-24_barcode07-1015791.out	32	00:00:20	2.50%	0.00%
polyA_removal-sample=SQK-NBD114-24_barcode08-1015596.out	32	00:00:05	1.74%	0.00%
polyA_removal-sample=SQK-NBD114-24_barcode08-1015808.out	32	00:00:18	3.12%	0.00%
polyA_removal-sample=SQK-NBD114-24_barcode09-1015582.out	32	00:00:17	2.21%	0.00%
polyA_removal-sample=SQK-NBD114-24_barcode09-1015824.out	32	00:00:24	3.75%	0.00%
polyA_removal-sample=SQK-NBD114-24_barcode10-1015572.out	32	00:00:05	2.23%	0.00%
polyA_removal-sample=SQK-NBD114-24_barcode10-1015810.out	32	00:00:11	2.46%	0.00%
polyA_removal-sample=SQK-NBD114-24_barcode11-1015607.out	32	00:00:06	1.88%	0.00%
polyA_removal-sample=SQK-NBD114-24_barcode11-1015815.out	32	00:00:21	4.38%	0.00%
polyA_removal-sample=SQK-NBD114-24_barcode12-1015611.out	32	00:00:05	1.74%	0.00%
polyA_removal-sample=SQK-NBD114-24_barcode12-1015809.out	32	00:00:12	2.68%	0.00%
polyA_removal-sample=SQK-NBD114-24_barcode13-1015585.out	32	00:00:05	2.23%	0.00%
polyA_removal-sample=SQK-NBD114-24_barcode13-1015813.out	32	00:00:14	3.12%	0.00%
polyA_removal-sample=SQK-NBD114-24_barcode14-1015553.out	32	00:00:07	1.68%	0.00%
polyA_removal-sample=SQK-NBD114-24_barcode14-1015806.out	32	00:00:10	2.60%	0.00%
polyA_removal-sample=SQK-NBD114-24_barcode15-1015551.out	32	00:00:05	1.56%	0.00%
polyA_removal-sample=SQK-NBD114-24_barcode15-1015802.out	32	00:00:09	2.81%	0.00%
polyA_removal-sample=barcode04-1053689.out	32	00:00:04	3.12%	0.00%
polyA_removal-sample=barcode05-1053652.out	32	00:00:04	2.08%	0.00%
polyA_removal-sample=barcode06-1053633.out	32	00:00:03	2.34%	0.00%
polyA_removal-sample=barcode07-1053699.out	32	00:00:03	1.88%	0.00%
polyA_removal-sample=barcode08-1053675.out	32	00:00:04	2.50%	0.00%
polyA_removal-sample=barcode09-1053679.out	32	00:00:03	2.34%	0.00%
polyA_removal-sample=barcode10-1053703.out	32	00:00:04	3.12%	0.00%
polyA_removal-sample=barcode11-1053664.out	32	00:00:04	3.12%	0.00%
polyA_removal-sample=barcode12-1053657.out	32	00:00:04	3.12%	0.00%
polyA_removal-sample=barcode13-1053628.out	32	00:00:04	2.50%	0.00%
polyA_removal-sample=barcode14-1053684.out	32	00:00:03	2.34%	0.00%
polyA_removal-sample=barcode15-1053711.out	32	00:00:03	2.34%	0.00%
pychopper_first_round-sample=SQK-NBD114-24_barcode04-1015299.out	32	00:00:04	0.01%	0.15%
pychopper_first_round-sample=SQK-NBD114-24_barcode04-1015508.out	32	01:51:54	34.85%	4.93%
pychopper_first_round-sample=SQK-NBD114-24_barcode04-1015827.out	32	00:55:29	29.30%	2.09%
pychopper_first_round-sample=SQK-NBD114-24_barcode05-1015292.out	32	00:00:00	0.00%	0.07%
pychopper_first_round-sample=SQK-NBD114-24_barcode05-1015510.out	32	01:46:12	33.98%	1.90%
pychopper_first_round-sample=SQK-NBD114-24_barcode05-1015823.out	32	00:55:17	28.79%	4.83%
pychopper_first_round-sample=SQK-NBD114-24_barcode06-1015295.out	32	00:00:00	0.00%	0.07%
pychopper_first_round-sample=SQK-NBD114-24_barcode06-1015494.out	32	01:11:51	26.26%	1.84%
pychopper_first_round-sample=SQK-NBD114-24_barcode06-1015817.out	32	01:08:07	30.41%	1.85%
pychopper_first_round-sample=SQK-NBD114-24_barcode07-1015293.out	32	00:00:00	0.00%	0.07%
pychopper_first_round-sample=SQK-NBD114-24_barcode07-1015512.out	32	01:41:38	33.37%	1.83%
pychopper_first_round-sample=SQK-NBD114-24_barcode07-1015790.out	32	01:10:14	28.57%	1.84%
pychopper_first_round-sample=SQK-NBD114-24_barcode08-1015296.out	32	00:00:00	0.00%	0.07%
pychopper_first_round-sample=SQK-NBD114-24_barcode08-1015492.out	32	01:16:04	26.91%	1.82%
pychopper_first_round-sample=SQK-NBD114-24_barcode08-1015819.out	32	01:10:20	29.90%	4.58%
pychopper_first_round-sample=SQK-NBD114-24_barcode09-1015498.out	32	01:18:42	26.40%	2.17%
pychopper_first_round-sample=SQK-NBD114-24_barcode09-1015825.out	32	01:14:41	31.40%	2.15%
pychopper_first_round-sample=SQK-NBD114-24_barcode10-1015290.out	32	00:00:00	0.00%	0.07%
pychopper_first_round-sample=SQK-NBD114-24_barcode10-1015499.out	32	01:28:27	31.12%	1.46%
pychopper_first_round-sample=SQK-NBD114-24_barcode10-1015814.out	32	00:48:23	33.23%	1.49%
pychopper_first_round-sample=SQK-NBD114-24_barcode11-1015298.out	32	00:00:00	0.00%	0.07%
pychopper_first_round-sample=SQK-NBD114-24_barcode11-1015503.out	32	01:51:37	35.71%	2.01%
pychopper_first_round-sample=SQK-NBD114-24_barcode11-1015811.out	32	00:57:29	33.68%	1.96%
pychopper_first_round-sample=SQK-NBD114-24_barcode12-1015294.out	32	00:00:00	0.00%	0.07%
pychopper_first_round-sample=SQK-NBD114-24_barcode12-1015514.out	32	01:31:04	30.11%	1.44%
pychopper_first_round-sample=SQK-NBD114-24_barcode12-1015812.out	32	01:05:56	30.68%	1.46%
pychopper_first_round-sample=SQK-NBD114-24_barcode13-1015297.out	32	00:00:00	0.00%	0.07%
pychopper_first_round-sample=SQK-NBD114-24_barcode13-1015496.out	32	01:09:30	26.33%	1.57%
pychopper_first_round-sample=SQK-NBD114-24_barcode13-1015816.out	32	01:05:53	31.67%	1.56%
pychopper_first_round-sample=SQK-NBD114-24_barcode14-1015291.out	32	00:00:00	0.00%	0.07%
pychopper_first_round-sample=SQK-NBD114-24_barcode14-1015505.out	32	01:18:10	29.31%	1.42%
pychopper_first_round-sample=SQK-NBD114-24_barcode14-1015807.out	32	00:47:57	33.05%	1.37%
pychopper_first_round-sample=SQK-NBD114-24_barcode15-1015287.out	32	00:00:00	0.00%	0.07%
pychopper_first_round-sample=SQK-NBD114-24_barcode15-1015515.out	32	00:52:46	24.98%	1.35%
pychopper_first_round-sample=SQK-NBD114-24_barcode15-1015800.out	32	00:56:27	27.85%	1.35%
pychopper_first_round-sample=barcode04-1053609.out	32	01:11:58	25.90%	1.23%
pychopper_first_round-sample=barcode05-1053617.out	32	00:38:35	25.38%	1.21%
pychopper_first_round-sample=barcode06-1053594.out	32	00:24:47	20.20%	1.22%
pychopper_first_round-sample=barcode07-1053607.out	32	01:15:30	26.12%	1.21%
pychopper_first_round-sample=barcode08-1053612.out	32	01:09:55	24.05%	1.14%
pychopper_first_round-sample=barcode09-1053610.out	32	01:14:34	26.28%	1.29%
pychopper_first_round-sample=barcode10-1053611.out	32	01:11:16	24.08%	1.11%
pychopper_first_round-sample=barcode11-1053605.out	32	01:09:14	25.71%	1.07%
pychopper_first_round-sample=barcode12-1053616.out	32	00:43:30	25.17%	1.10%
pychopper_first_round-sample=barcode13-1053597.out	32	00:21:33	21.96%	1.22%
pychopper_first_round-sample=barcode14-1053602.out	32	01:10:39	23.87%	1.10%
pychopper_first_round-sample=barcode15-1053600.out	32	01:10:29	23.52%	1.05%
pychopper_second_round-sample=SQK-NBD114-24_barcode04-1015542.out	32	01:35:25	36.14%	2.00%
pychopper_second_round-sample=SQK-NBD114-24_barcode04-1015868.out	32	01:23:14	34.99%	2.02%
pychopper_second_round-sample=SQK-NBD114-24_barcode05-1015541.out	32	01:31:36	34.77%	1.94%
pychopper_second_round-sample=SQK-NBD114-24_barcode05-1015862.out	32	01:04:19	29.34%	1.74%
pychopper_second_round-sample=SQK-NBD114-24_barcode06-1015533.out	32	01:00:09	31.77%	1.70%
pychopper_second_round-sample=SQK-NBD114-24_barcode06-1015870.out	32	01:12:16	32.81%	1.69%
pychopper_second_round-sample=SQK-NBD114-24_barcode07-1015538.out	32	01:38:11	39.68%	1.66%
pychopper_second_round-sample=SQK-NBD114-24_barcode07-1015872.out	32	01:11:04	32.74%	1.81%
pychopper_second_round-sample=SQK-NBD114-24_barcode08-1015534.out	32	01:34:07	38.36%	1.66%
pychopper_second_round-sample=SQK-NBD114-24_barcode08-1015877.out	32	00:47:19	28.25%	1.57%
pychopper_second_round-sample=SQK-NBD114-24_barcode09-1015536.out	32	01:02:23	30.30%	1.91%
pychopper_second_round-sample=SQK-NBD114-24_barcode09-1015885.out	32	01:01:30	27.92%	2.00%
pychopper_second_round-sample=SQK-NBD114-24_barcode10-1015535.out	32	00:57:02	30.55%	1.42%
pychopper_second_round-sample=SQK-NBD114-24_barcode10-1015847.out	32	00:41:51	31.39%	1.38%
pychopper_second_round-sample=SQK-NBD114-24_barcode11-1015540.out	32	01:40:11	42.31%	1.74%
pychopper_second_round-sample=SQK-NBD114-24_barcode11-1015854.out	32	01:00:48	38.78%	1.64%
pychopper_second_round-sample=SQK-NBD114-24_barcode12-1015539.out	32	01:23:10	34.42%	1.37%
pychopper_second_round-sample=SQK-NBD114-24_barcode12-1015864.out	32	01:09:56	35.92%	1.45%
pychopper_second_round-sample=SQK-NBD114-24_barcode13-1015531.out	32	01:22:12	35.43%	1.49%
pychopper_second_round-sample=SQK-NBD114-24_barcode13-1015866.out	32	01:11:51	35.93%	1.50%
pychopper_second_round-sample=SQK-NBD114-24_barcode14-1015532.out	32	00:48:25	30.46%	1.26%
pychopper_second_round-sample=SQK-NBD114-24_barcode14-1015846.out	32	00:41:36	26.99%	1.26%
pychopper_second_round-sample=SQK-NBD114-24_barcode15-1015530.out	32	00:53:19	29.66%	1.32%
pychopper_second_round-sample=SQK-NBD114-24_barcode15-1015859.out	32	00:41:25	28.66%	1.28%
pychopper_second_round-sample=barcode04-1053644.out	32	00:30:25	24.06%	1.20%
pychopper_second_round-sample=barcode05-1053621.out	32	00:35:37	24.46%	1.20%
pychopper_second_round-sample=barcode06-1053620.out	32	00:22:43	21.96%	1.18%
pychopper_second_round-sample=barcode07-1053648.out	32	00:31:23	24.42%	1.18%
pychopper_second_round-sample=barcode08-1053647.out	32	00:20:22	23.00%	1.04%
pychopper_second_round-sample=barcode09-1053645.out	32	00:21:59	21.47%	1.11%
pychopper_second_round-sample=barcode10-1053650.out	32	00:26:03	20.10%	0.97%
pychopper_second_round-sample=barcode11-1053642.out	32	00:17:41	21.39%	0.95%
pychopper_second_round-sample=barcode12-1053622.out	32	00:32:34	20.77%	0.98%
pychopper_second_round-sample=barcode13-1053618.out	32	00:22:52	21.55%	1.00%
pychopper_second_round-sample=barcode14-1053646.out	32	00:22:57	21.41%	1.01%
pychopper_second_round-sample=barcode15-1053649.out	32	00:28:51	21.55%	0.97%
quantification-sample=SQK-NBD114-24_barcode04-1015654.out	32	00:00:03	1.34%	0.00%
quantification-sample=SQK-NBD114-24_barcode04-1015656.out	32	00:00:03	1.56%	0.00%
quantification-sample=SQK-NBD114-24_barcode04-1015702.out	32	00:01:27	24.72%	0.00%
quantification-sample=SQK-NBD114-24_barcode04-1016087.out	32	00:19:39	51.89%	1.26%
quantification-sample=SQK-NBD114-24_barcode05-1015653.out	32	00:00:03	1.34%	0.00%
quantification-sample=SQK-NBD114-24_barcode05-1015655.out	32	00:00:03	1.17%	0.00%
quantification-sample=SQK-NBD114-24_barcode05-1015704.out	32	00:02:30	33.48%	0.00%
quantification-sample=SQK-NBD114-24_barcode05-1015970.out	32	00:15:00	58.59%	1.02%
quantification-sample=SQK-NBD114-24_barcode06-1015586.out	32	00:00:03	1.88%	0.00%
quantification-sample=SQK-NBD114-24_barcode06-1015591.out	32	00:00:03	1.34%	0.00%
quantification-sample=SQK-NBD114-24_barcode06-1015687.out	32	00:02:09	31.01%	0.00%
quantification-sample=SQK-NBD114-24_barcode06-1015973.out	32	00:30:04	74.18%	0.90%
quantification-sample=SQK-NBD114-24_barcode07-1015631.out	32	00:00:03	1.88%	0.00%
quantification-sample=SQK-NBD114-24_barcode07-1015638.out	32	00:00:03	1.88%	0.00%
quantification-sample=SQK-NBD114-24_barcode07-1015684.out	32	00:02:32	26.39%	0.00%
quantification-sample=SQK-NBD114-24_barcode07-1015930.out	32	00:08:55	50.66%	0.96%
quantification-sample=SQK-NBD114-24_barcode08-1015634.out	32	00:00:03	1.56%	0.00%
quantification-sample=SQK-NBD114-24_barcode08-1015640.out	32	00:00:03	1.56%	0.00%
quantification-sample=SQK-NBD114-24_barcode08-1015710.out	32	00:03:31	43.96%	0.00%
quantification-sample=SQK-NBD114-24_barcode08-1016081.out	32	00:11:26	52.29%	0.97%
quantification-sample=SQK-NBD114-24_barcode09-1015642.out	32	00:00:03	1.04%	0.00%
quantification-sample=SQK-NBD114-24_barcode09-1015645.out	32	00:00:03	1.88%	0.00%
quantification-sample=SQK-NBD114-24_barcode09-1015692.out	32	00:09:28	63.39%	0.00%
quantification-sample=SQK-NBD114-24_barcode09-1015968.out	32	00:21:57	62.36%	1.38%
quantification-sample=SQK-NBD114-24_barcode10-1015601.out	32	00:00:03	1.56%	0.00%
quantification-sample=SQK-NBD114-24_barcode10-1015606.out	32	00:00:03	1.17%	0.00%
quantification-sample=SQK-NBD114-24_barcode10-1015696.out	32	00:04:48	47.37%	0.00%
quantification-sample=SQK-NBD114-24_barcode10-1015916.out	32	00:14:32	61.93%	0.73%
quantification-sample=SQK-NBD114-24_barcode11-1015651.out	32	00:00:03	1.56%	0.00%
quantification-sample=SQK-NBD114-24_barcode11-1015652.out	32	00:00:03	1.34%	0.00%
quantification-sample=SQK-NBD114-24_barcode11-1015698.out	32	00:08:25	56.36%	0.00%
quantification-sample=SQK-NBD114-24_barcode11-1015967.out	32	00:29:27	66.53%	1.39%
quantification-sample=SQK-NBD114-24_barcode12-1015646.out	32	00:00:03	2.34%	0.00%
quantification-sample=SQK-NBD114-24_barcode12-1015648.out	32	00:00:03	1.34%	0.00%
quantification-sample=SQK-NBD114-24_barcode12-1015705.out	32	00:04:19	50.59%	0.00%
quantification-sample=SQK-NBD114-24_barcode12-1015918.out	32	00:08:40	54.17%	0.00%
quantification-sample=SQK-NBD114-24_barcode13-1015624.out	32	00:00:03	1.88%	0.00%
quantification-sample=SQK-NBD114-24_barcode13-1015630.out	32	00:00:03	1.34%	0.00%
quantification-sample=SQK-NBD114-24_barcode13-1015675.out	32	00:04:25	39.43%	0.00%
quantification-sample=SQK-NBD114-24_barcode13-1015923.out	32	00:08:56	47.86%	0.85%
quantification-sample=SQK-NBD114-24_barcode14-1015577.out	32	00:00:03	1.17%	0.00%
quantification-sample=SQK-NBD114-24_barcode14-1015581.out	32	00:00:03	1.88%	0.00%
quantification-sample=SQK-NBD114-24_barcode14-1015681.out	32	00:02:43	28.30%	0.00%
quantification-sample=SQK-NBD114-24_barcode14-1015905.out	32	00:08:58	62.27%	0.00%
quantification-sample=SQK-NBD114-24_barcode15-1015570.out	32	00:00:03	1.17%	0.00%
quantification-sample=SQK-NBD114-24_barcode15-1015573.out	32	00:00:09	1.88%	0.00%
quantification-sample=SQK-NBD114-24_barcode15-1015708.out	32	00:04:15	49.80%	0.00%
quantification-sample=SQK-NBD114-24_barcode15-1015915.out	32	00:06:27	50.39%	0.00%
quantification-sample=barcode04-1053712.out	32	00:00:06	4.69%	0.00%
quantification-sample=barcode05-1053658.out	32	00:00:15	11.72%	0.00%
quantification-sample=barcode06-1053640.out	32	00:00:09	5.62%	0.00%
quantification-sample=barcode07-1053719.out	32	00:00:09	5.62%	0.00%
quantification-sample=barcode08-1053687.out	32	00:00:18	11.25%	0.00%
quantification-sample=barcode09-1053694.out	32	00:00:31	19.38%	0.00%
quantification-sample=barcode10-1053722.out	32	00:00:40	25.00%	0.00%
quantification-sample=barcode11-1053672.out	32	00:00:42	26.25%	0.00%
quantification-sample=barcode12-1053667.out	32	00:00:29	22.66%	0.00%
quantification-sample=barcode13-1053634.out	32	00:00:27	16.88%	0.00%
quantification-sample=barcode14-1053702.out	32	00:00:33	20.62%	0.00%
quantification-sample=barcode15-1053727.out	32	00:00:29	18.12%	0.00%
